athlete_id,drill_id,date,duration_min
ath_dani,drill_visualize,2025-06-30,4
ath_kenzie,drill_breath_reset,2025-06-30,2
ath_lena,drill_target_lock,2025-06-30,4
ath_marisol,drill_flush,2025-06-30,3
ath_mika,drill_reset,2025-06-30,3
ath_priya,drill_scout_self,2025-06-30,6
ath_reese,drill_self_talk,2025-06-30,3
ath_dani,drill_pressure_ladder,2025-07-01,6
ath_harper,drill_win_log,2025-07-01,5
ath_kenzie,drill_breath_reset,2025-07-01,2
ath_marisol,drill_box_breath,2025-07-01,4
ath_marisol,drill_reset,2025-07-01,3
ath_noa,drill_flush,2025-07-01,3
ath_noa,drill_pressure_ladder,2025-07-01,6
ath_adaeze,drill_fire_up,2025-07-02,3
ath_priya,drill_breath_reset,2025-07-02,2
ath_adaeze,drill_visualize,2025-07-03,4
ath_ella,drill_win_log,2025-07-03,5
ath_harper,drill_reset,2025-07-03,3
ath_marisol,drill_win_log,2025-07-03,5
ath_noa,drill_flush,2025-07-03,3
ath_zoe,drill_scout_self,2025-07-03,6
ath_dani,drill_reset,2025-07-04,3
ath_harper,drill_scout_self,2025-07-04,6
ath_ella,drill_anchor,2025-07-05,5
ath_mika,drill_target_lock,2025-07-05,4
ath_reese,drill_pressure_ladder,2025-07-05,6
ath_rowan,drill_visualize,2025-07-05,4
ath_adaeze,drill_breath_reset,2025-07-06,2
ath_dani,drill_visualize,2025-07-06,4
ath_harper,drill_anchor,2025-07-06,5
ath_priya,drill_target_lock,2025-07-06,4
ath_rowan,drill_target_lock,2025-07-06,4
ath_dani,drill_anchor,2025-07-07,5
ath_gabby,drill_target_lock,2025-07-07,4
ath_mika,drill_visualize,2025-07-07,4
ath_noa,drill_box_breath,2025-07-07,4
ath_priya,drill_self_talk,2025-07-07,3
ath_dani,drill_fire_up,2025-07-08,3
ath_kenzie,drill_flush,2025-07-08,3
ath_marisol,drill_self_talk,2025-07-08,3
ath_reese,drill_flush,2025-07-08,3
ath_rowan,drill_visualize,2025-07-08,4
ath_adaeze,drill_win_log,2025-07-09,5
ath_dani,drill_scout_self,2025-07-09,6
ath_ella,drill_target_lock,2025-07-09,4
ath_ella,drill_win_log,2025-07-09,5
ath_marisol,drill_win_log,2025-07-09,5
ath_priya,drill_reset,2025-07-09,3
ath_rowan,drill_anchor,2025-07-09,5
ath_mika,drill_visualize,2025-07-10,4
ath_noa,drill_win_log,2025-07-10,5
ath_adaeze,drill_pressure_ladder,2025-07-11,6
ath_adaeze,drill_win_log,2025-07-11,5
ath_harper,drill_win_log,2025-07-11,5
ath_harper,drill_anchor,2025-07-12,5
ath_noa,drill_anchor,2025-07-12,5
ath_noa,drill_anchor,2025-07-12,5
ath_priya,drill_box_breath,2025-07-12,4
ath_dani,drill_target_lock,2025-07-13,4
ath_harper,drill_scout_self,2025-07-13,6
ath_kenzie,drill_flush,2025-07-13,3
ath_marisol,drill_win_log,2025-07-13,5
ath_reese,drill_self_talk,2025-07-13,3
ath_dani,drill_flush,2025-07-14,3
ath_mika,drill_win_log,2025-07-14,5
ath_reese,drill_reset,2025-07-14,3
ath_dani,drill_flush,2025-07-15,3
ath_dani,drill_self_talk,2025-07-15,3
ath_gabby,drill_breath_reset,2025-07-15,2
ath_adaeze,drill_pressure_ladder,2025-07-16,6
ath_dani,drill_visualize,2025-07-16,4
ath_ella,drill_reset,2025-07-16,3
ath_kenzie,drill_target_lock,2025-07-16,4
ath_priya,drill_flush,2025-07-16,3
ath_priya,drill_win_log,2025-07-16,5
ath_harper,drill_box_breath,2025-07-17,4
ath_kenzie,drill_breath_reset,2025-07-17,2
ath_noa,drill_anchor,2025-07-17,5
ath_rowan,drill_anchor,2025-07-17,5
ath_adaeze,drill_win_log,2025-07-18,5
ath_ella,drill_visualize,2025-07-18,4
ath_harper,drill_win_log,2025-07-18,5
ath_marisol,drill_reset,2025-07-18,3
ath_noa,drill_win_log,2025-07-18,5
ath_reese,drill_flush,2025-07-18,3
ath_rowan,drill_flush,2025-07-18,3
ath_adaeze,drill_reset,2025-07-19,3
ath_adaeze,drill_self_talk,2025-07-19,3
ath_mika,drill_anchor,2025-07-19,5
ath_harper,drill_anchor,2025-07-20,5
ath_marisol,drill_flush,2025-07-20,3
ath_marisol,drill_reset,2025-07-20,3
ath_noa,drill_win_log,2025-07-20,5
ath_noa,drill_win_log,2025-07-20,5
ath_priya,drill_self_talk,2025-07-20,3
ath_adaeze,drill_box_breath,2025-07-21,4
ath_marisol,drill_win_log,2025-07-21,5
ath_adaeze,drill_box_breath,2025-07-22,4
ath_adaeze,drill_win_log,2025-07-22,5
ath_ella,drill_self_talk,2025-07-22,3
ath_marisol,drill_self_talk,2025-07-22,3
ath_noa,drill_pressure_ladder,2025-07-22,6
ath_ella,drill_win_log,2025-07-23,5
ath_kenzie,drill_reset,2025-07-23,3
ath_marisol,drill_breath_reset,2025-07-23,2
ath_noa,drill_reset,2025-07-23,3
ath_priya,drill_flush,2025-07-23,3
ath_rowan,drill_anchor,2025-07-23,5
ath_sophia,drill_target_lock,2025-07-23,4
ath_zoe,drill_target_lock,2025-07-23,4
ath_gabby,drill_anchor,2025-07-24,5
ath_marisol,drill_flush,2025-07-24,3
ath_mika,drill_reset,2025-07-24,3
ath_priya,drill_reset,2025-07-24,3
ath_harper,drill_reset,2025-07-25,3
ath_harper,drill_visualize,2025-07-25,4
ath_noa,drill_flush,2025-07-25,3
ath_priya,drill_win_log,2025-07-25,5
ath_reese,drill_reset,2025-07-25,3
ath_adaeze,drill_pressure_ladder,2025-07-26,6
ath_dani,drill_anchor,2025-07-26,5
ath_dani,drill_target_lock,2025-07-26,4
ath_dani,drill_visualize,2025-07-26,4
ath_reese,drill_win_log,2025-07-26,5
ath_dani,drill_flush,2025-07-27,3
ath_harper,drill_target_lock,2025-07-27,4
ath_kenzie,drill_breath_reset,2025-07-27,2
ath_mika,drill_self_talk,2025-07-27,3
ath_priya,drill_win_log,2025-07-27,5
ath_rowan,drill_visualize,2025-07-27,4
ath_tati,drill_scout_self,2025-07-27,6
ath_adaeze,drill_breath_reset,2025-07-28,2
ath_dani,drill_target_lock,2025-07-28,4
ath_dani,drill_target_lock,2025-07-28,4
ath_harper,drill_flush,2025-07-28,3
ath_kenzie,drill_breath_reset,2025-07-28,2
ath_marisol,drill_win_log,2025-07-28,5
ath_priya,drill_win_log,2025-07-28,5
ath_dani,drill_target_lock,2025-07-29,4
ath_ella,drill_visualize,2025-07-29,4
ath_noa,drill_flush,2025-07-29,3
ath_noa,drill_self_talk,2025-07-29,3
ath_priya,drill_flush,2025-07-29,3
ath_priya,drill_self_talk,2025-07-29,3
ath_reese,drill_win_log,2025-07-29,5
ath_adaeze,drill_win_log,2025-07-30,5
ath_harper,drill_visualize,2025-07-30,4
ath_noa,drill_self_talk,2025-07-30,3
ath_rowan,drill_reset,2025-07-30,3
ath_dani,drill_flush,2025-07-31,3
ath_noa,drill_flush,2025-07-31,3
ath_sophia,drill_target_lock,2025-07-31,4
ath_ella,drill_win_log,2025-08-01,5
ath_harper,drill_flush,2025-08-01,3
ath_marisol,drill_self_talk,2025-08-01,3
ath_priya,drill_target_lock,2025-08-01,4
ath_adaeze,drill_visualize,2025-08-02,4
ath_kenzie,drill_reset,2025-08-02,3
ath_marisol,drill_breath_reset,2025-08-02,2
ath_marisol,drill_reset,2025-08-02,3
ath_reese,drill_scout_self,2025-08-02,6
ath_rowan,drill_anchor,2025-08-02,5
ath_adaeze,drill_self_talk,2025-08-03,3
ath_harper,drill_fire_up,2025-08-03,3
ath_mika,drill_anchor,2025-08-03,5
ath_mika,drill_visualize,2025-08-03,4
ath_adaeze,drill_breath_reset,2025-08-04,2
ath_mika,drill_visualize,2025-08-04,4
ath_noa,drill_win_log,2025-08-04,5
ath_priya,drill_self_talk,2025-08-04,3
ath_adaeze,drill_box_breath,2025-08-05,4
ath_gabby,drill_win_log,2025-08-05,5
ath_kenzie,drill_flush,2025-08-05,3
ath_noa,drill_target_lock,2025-08-05,4
ath_reese,drill_win_log,2025-08-05,5
ath_harper,drill_flush,2025-08-06,3
ath_marisol,drill_reset,2025-08-06,3
ath_marisol,drill_reset,2025-08-06,3
ath_priya,drill_reset,2025-08-06,3
ath_priya,drill_win_log,2025-08-06,5
ath_ella,drill_box_breath,2025-08-07,4
ath_harper,drill_flush,2025-08-07,3
ath_rowan,drill_visualize,2025-08-07,4
ath_zoe,drill_win_log,2025-08-07,5
ath_adaeze,drill_self_talk,2025-08-08,3
ath_dani,drill_visualize,2025-08-08,4
ath_lena,drill_win_log,2025-08-08,5
ath_marisol,drill_flush,2025-08-08,3
ath_mika,drill_reset,2025-08-08,3
ath_noa,drill_win_log,2025-08-08,5
ath_reese,drill_target_lock,2025-08-08,4
ath_adaeze,drill_breath_reset,2025-08-09,2
ath_dani,drill_reset,2025-08-09,3
ath_dani,drill_visualize,2025-08-09,4
ath_ella,drill_breath_reset,2025-08-09,2
ath_harper,drill_anchor,2025-08-09,5
ath_kenzie,drill_reset,2025-08-09,3
ath_marisol,drill_visualize,2025-08-09,4
ath_priya,drill_flush,2025-08-09,3
ath_harper,drill_self_talk,2025-08-10,3
ath_noa,drill_win_log,2025-08-10,5
ath_rowan,drill_anchor,2025-08-10,5
ath_adaeze,drill_box_breath,2025-08-11,4
ath_marisol,drill_flush,2025-08-11,3
ath_marisol,drill_win_log,2025-08-11,5
ath_priya,drill_reset,2025-08-11,3
ath_dani,drill_anchor,2025-08-12,5
ath_dani,drill_anchor,2025-08-12,5
ath_noa,drill_reset,2025-08-12,3
ath_noa,drill_win_log,2025-08-12,5
ath_reese,drill_pressure_ladder,2025-08-12,6
ath_sophia,drill_visualize,2025-08-12,4
ath_marisol,drill_scout_self,2025-08-13,6
ath_marisol,drill_target_lock,2025-08-13,4
ath_mika,drill_pressure_ladder,2025-08-13,6
ath_priya,drill_self_talk,2025-08-13,3
ath_ella,drill_anchor,2025-08-14,5
ath_ella,drill_fire_up,2025-08-14,3
ath_harper,drill_anchor,2025-08-14,5
ath_kenzie,drill_breath_reset,2025-08-14,2
ath_priya,drill_anchor,2025-08-14,5
ath_priya,drill_self_talk,2025-08-14,3
ath_rowan,drill_win_log,2025-08-14,5
ath_adaeze,drill_self_talk,2025-08-15,3
ath_dani,drill_pressure_ladder,2025-08-15,6
ath_noa,drill_reset,2025-08-15,3
ath_adaeze,drill_pressure_ladder,2025-08-16,6
ath_harper,drill_anchor,2025-08-16,5
ath_mika,drill_visualize,2025-08-16,4
ath_noa,drill_reset,2025-08-16,3
ath_reese,drill_flush,2025-08-16,3
ath_rowan,drill_anchor,2025-08-16,5
ath_dani,drill_visualize,2025-08-17,4
ath_harper,drill_flush,2025-08-17,3
ath_harper,drill_reset,2025-08-17,3
ath_kenzie,drill_pressure_ladder,2025-08-17,6
ath_dani,drill_flush,2025-08-18,3
ath_harper,drill_flush,2025-08-18,3
ath_marisol,drill_flush,2025-08-18,3
ath_mika,drill_reset,2025-08-18,3
ath_noa,drill_reset,2025-08-18,3
ath_adaeze,drill_pressure_ladder,2025-08-19,6
ath_marisol,drill_self_talk,2025-08-19,3
ath_harper,drill_flush,2025-08-20,3
ath_priya,drill_flush,2025-08-20,3
ath_priya,drill_reset,2025-08-20,3
ath_priya,drill_win_log,2025-08-20,5
ath_rowan,drill_visualize,2025-08-20,4
ath_dani,drill_reset,2025-08-21,3
ath_dani,drill_reset,2025-08-21,3
ath_gabby,drill_reset,2025-08-21,3
ath_harper,drill_scout_self,2025-08-21,6
ath_noa,drill_reset,2025-08-21,3
ath_priya,drill_anchor,2025-08-21,5
ath_reese,drill_flush,2025-08-21,3
ath_zoe,drill_pressure_ladder,2025-08-21,6
ath_adaeze,drill_anchor,2025-08-22,5
ath_adaeze,drill_pressure_ladder,2025-08-22,6
ath_harper,drill_anchor,2025-08-22,5
ath_kenzie,drill_breath_reset,2025-08-22,2
ath_kenzie,drill_reset,2025-08-22,3
ath_noa,drill_flush,2025-08-22,3
ath_reese,drill_self_talk,2025-08-22,3
ath_rowan,drill_visualize,2025-08-22,4
ath_marisol,drill_flush,2025-08-23,3
ath_mika,drill_target_lock,2025-08-23,4
ath_noa,drill_self_talk,2025-08-23,3
ath_tati,drill_box_breath,2025-08-23,4
ath_ella,drill_scout_self,2025-08-24,6
ath_ella,drill_target_lock,2025-08-24,4
ath_lena,drill_reset,2025-08-24,3
ath_marisol,drill_visualize,2025-08-24,4
ath_sophia,drill_scout_self,2025-08-24,6
ath_adaeze,drill_pressure_ladder,2025-08-25,6
ath_dani,drill_reset,2025-08-25,3
ath_ella,drill_visualize,2025-08-25,4
ath_marisol,drill_self_talk,2025-08-25,3
ath_mika,drill_visualize,2025-08-25,4
ath_priya,drill_flush,2025-08-25,3
ath_tati,drill_fire_up,2025-08-25,3
ath_adaeze,drill_self_talk,2025-08-26,3
ath_adaeze,drill_visualize,2025-08-26,4
ath_harper,drill_scout_self,2025-08-26,6
ath_lena,drill_visualize,2025-08-26,4
ath_noa,drill_fire_up,2025-08-26,3
ath_noa,drill_self_talk,2025-08-26,3
ath_reese,drill_win_log,2025-08-26,5
ath_ella,drill_self_talk,2025-08-27,3
ath_gabby,drill_box_breath,2025-08-27,4
ath_harper,drill_target_lock,2025-08-27,4
ath_kenzie,drill_reset,2025-08-27,3
ath_marisol,drill_breath_reset,2025-08-27,2
ath_zoe,drill_visualize,2025-08-27,4
ath_kenzie,drill_reset,2025-08-28,3
ath_noa,drill_flush,2025-08-28,3
ath_dani,drill_target_lock,2025-08-29,4
ath_marisol,drill_self_talk,2025-08-29,3
ath_mika,drill_reset,2025-08-29,3
ath_priya,drill_breath_reset,2025-08-29,2
ath_rowan,drill_visualize,2025-08-29,4
ath_adaeze,drill_visualize,2025-08-30,4
ath_dani,drill_pressure_ladder,2025-08-30,6
ath_harper,drill_flush,2025-08-30,3
ath_priya,drill_flush,2025-08-30,3
ath_rowan,drill_visualize,2025-08-30,4
ath_marisol,drill_self_talk,2025-08-31,3
ath_reese,drill_reset,2025-08-31,3
ath_adaeze,drill_breath_reset,2025-09-01,2
ath_lena,drill_pressure_ladder,2025-09-01,6
ath_noa,drill_self_talk,2025-09-01,3
ath_reese,drill_scout_self,2025-09-01,6
ath_ella,drill_self_talk,2025-09-02,3
ath_ella,drill_win_log,2025-09-02,5
ath_harper,drill_flush,2025-09-02,3
ath_harper,drill_self_talk,2025-09-02,3
ath_marisol,drill_win_log,2025-09-02,5
ath_mika,drill_win_log,2025-09-02,5
ath_priya,drill_self_talk,2025-09-02,3
ath_marisol,drill_self_talk,2025-09-03,3
ath_mika,drill_win_log,2025-09-03,5
ath_priya,drill_flush,2025-09-03,3
ath_priya,drill_self_talk,2025-09-03,3
ath_rowan,drill_target_lock,2025-09-03,4
ath_sophia,drill_breath_reset,2025-09-03,2
ath_tati,drill_fire_up,2025-09-03,3
ath_adaeze,drill_self_talk,2025-09-04,3
ath_dani,drill_reset,2025-09-04,3
ath_dani,drill_reset,2025-09-04,3
ath_kenzie,drill_box_breath,2025-09-04,4
ath_marisol,drill_self_talk,2025-09-04,3
ath_noa,drill_reset,2025-09-04,3
ath_priya,drill_anchor,2025-09-04,5
ath_reese,drill_win_log,2025-09-04,5
ath_marisol,drill_win_log,2025-09-05,5
ath_rowan,drill_visualize,2025-09-05,4
ath_dani,drill_flush,2025-09-06,3
ath_harper,drill_anchor,2025-09-06,5
ath_kenzie,drill_breath_reset,2025-09-06,2
ath_zoe,drill_target_lock,2025-09-06,4
ath_adaeze,drill_breath_reset,2025-09-07,2
ath_adaeze,drill_pressure_ladder,2025-09-07,6
ath_dani,drill_visualize,2025-09-07,4
ath_noa,drill_flush,2025-09-07,3
ath_adaeze,drill_flush,2025-09-08,3
ath_adaeze,drill_flush,2025-09-08,3
ath_dani,drill_visualize,2025-09-08,4
ath_harper,drill_pressure_ladder,2025-09-08,6
ath_marisol,drill_flush,2025-09-08,3
ath_marisol,drill_self_talk,2025-09-08,3
ath_noa,drill_scout_self,2025-09-08,6
ath_noa,drill_win_log,2025-09-08,5
ath_ella,drill_scout_self,2025-09-09,6
ath_kenzie,drill_pressure_ladder,2025-09-09,6
ath_marisol,drill_flush,2025-09-09,3
ath_noa,drill_breath_reset,2025-09-09,2
ath_priya,drill_breath_reset,2025-09-09,2
ath_priya,drill_self_talk,2025-09-09,3
ath_zoe,drill_self_talk,2025-09-09,3
ath_dani,drill_self_talk,2025-09-10,3
ath_ella,drill_visualize,2025-09-10,4
ath_reese,drill_flush,2025-09-11,3
ath_rowan,drill_reset,2025-09-11,3
ath_dani,drill_breath_reset,2025-09-12,2
ath_harper,drill_reset,2025-09-12,3
ath_mika,drill_target_lock,2025-09-12,4
ath_priya,drill_reset,2025-09-12,3
ath_rowan,drill_anchor,2025-09-12,5
ath_mika,drill_anchor,2025-09-13,5
ath_noa,drill_win_log,2025-09-13,5
ath_adaeze,drill_anchor,2025-09-14,5
ath_harper,drill_flush,2025-09-14,3
ath_kenzie,drill_box_breath,2025-09-14,4
ath_reese,drill_self_talk,2025-09-14,3
ath_adaeze,drill_reset,2025-09-15,3
ath_ella,drill_target_lock,2025-09-15,4
ath_priya,drill_self_talk,2025-09-15,3
ath_rowan,drill_anchor,2025-09-15,5
ath_adaeze,drill_flush,2025-09-16,3
ath_adaeze,drill_pressure_ladder,2025-09-16,6
ath_dani,drill_self_talk,2025-09-16,3
ath_kenzie,drill_breath_reset,2025-09-16,2
ath_marisol,drill_win_log,2025-09-16,5
ath_noa,drill_fire_up,2025-09-16,3
ath_noa,drill_self_talk,2025-09-16,3
ath_zoe,drill_anchor,2025-09-16,5
ath_dani,drill_reset,2025-09-17,3
ath_marisol,drill_self_talk,2025-09-17,3
ath_noa,drill_self_talk,2025-09-17,3
ath_noa,drill_visualize,2025-09-17,4
ath_priya,drill_pressure_ladder,2025-09-17,6
ath_dani,drill_pressure_ladder,2025-09-18,6
ath_ella,drill_target_lock,2025-09-18,4
ath_harper,drill_reset,2025-09-18,3
ath_harper,drill_visualize,2025-09-18,4
ath_marisol,drill_reset,2025-09-19,3
ath_reese,drill_flush,2025-09-19,3
ath_rowan,drill_anchor,2025-09-19,5
ath_adaeze,drill_scout_self,2025-09-20,6
ath_harper,drill_target_lock,2025-09-20,4
ath_kenzie,drill_visualize,2025-09-20,4
ath_marisol,drill_win_log,2025-09-20,5
ath_mika,drill_flush,2025-09-20,3
ath_reese,drill_scout_self,2025-09-20,6
ath_gabby,drill_breath_reset,2025-09-21,2
ath_harper,drill_fire_up,2025-09-21,3
ath_mika,drill_reset,2025-09-21,3
ath_priya,drill_reset,2025-09-21,3
ath_kenzie,drill_box_breath,2025-09-22,4
ath_priya,drill_self_talk,2025-09-22,3
ath_sophia,drill_anchor,2025-09-22,5
ath_tati,drill_fire_up,2025-09-22,3
ath_adaeze,drill_win_log,2025-09-23,5
ath_ella,drill_win_log,2025-09-23,5
ath_ella,drill_win_log,2025-09-23,5
ath_mika,drill_reset,2025-09-23,3
ath_noa,drill_reset,2025-09-23,3
ath_priya,drill_self_talk,2025-09-23,3
ath_rowan,drill_reset,2025-09-23,3
ath_dani,drill_visualize,2025-09-24,4
ath_kenzie,drill_reset,2025-09-24,3
ath_marisol,drill_anchor,2025-09-24,5
ath_marisol,drill_flush,2025-09-24,3
ath_noa,drill_target_lock,2025-09-24,4
ath_priya,drill_box_breath,2025-09-24,4
ath_dani,drill_target_lock,2025-09-25,4
ath_lena,drill_flush,2025-09-25,3
ath_reese,drill_flush,2025-09-25,3
ath_dani,drill_flush,2025-09-26,3
ath_dani,drill_reset,2025-09-26,3
ath_harper,drill_target_lock,2025-09-26,4
ath_marisol,drill_self_talk,2025-09-26,3
ath_noa,drill_flush,2025-09-26,3
ath_rowan,drill_anchor,2025-09-26,5
ath_adaeze,drill_box_breath,2025-09-27,4
ath_adaeze,drill_pressure_ladder,2025-09-27,6
ath_harper,drill_fire_up,2025-09-27,3
ath_marisol,drill_reset,2025-09-27,3
ath_adaeze,drill_win_log,2025-09-28,5
ath_harper,drill_flush,2025-09-28,3
ath_mika,drill_reset,2025-09-28,3
ath_noa,drill_breath_reset,2025-09-28,2
ath_reese,drill_win_log,2025-09-28,5
ath_lena,drill_flush,2025-09-29,3
ath_marisol,drill_reset,2025-09-29,3
ath_noa,drill_self_talk,2025-09-29,3
ath_adaeze,drill_breath_reset,2025-09-30,2
ath_adaeze,drill_reset,2025-09-30,3
ath_harper,drill_flush,2025-09-30,3
ath_marisol,drill_anchor,2025-09-30,5
ath_noa,drill_fire_up,2025-09-30,3
ath_sophia,drill_target_lock,2025-09-30,4
ath_tati,drill_flush,2025-09-30,3
ath_adaeze,drill_pressure_ladder,2025-10-01,6
ath_mika,drill_target_lock,2025-10-01,4
ath_adaeze,drill_fire_up,2025-10-02,3
ath_dani,drill_anchor,2025-10-02,5
ath_dani,drill_reset,2025-10-02,3
ath_ella,drill_target_lock,2025-10-02,4
ath_kenzie,drill_reset,2025-10-02,3
ath_marisol,drill_pressure_ladder,2025-10-02,6
ath_mika,drill_anchor,2025-10-02,5
ath_noa,drill_reset,2025-10-02,3
ath_reese,drill_breath_reset,2025-10-02,2
ath_gabby,drill_box_breath,2025-10-03,4
ath_priya,drill_flush,2025-10-03,3
ath_priya,drill_reset,2025-10-03,3
ath_rowan,drill_pressure_ladder,2025-10-03,6
ath_dani,drill_box_breath,2025-10-04,4
ath_harper,drill_anchor,2025-10-04,5
ath_priya,drill_target_lock,2025-10-04,4
ath_rowan,drill_self_talk,2025-10-04,3
ath_ella,drill_target_lock,2025-10-05,4
ath_harper,drill_visualize,2025-10-05,4
ath_kenzie,drill_flush,2025-10-05,3
ath_reese,drill_win_log,2025-10-05,5
ath_adaeze,drill_breath_reset,2025-10-06,2
ath_dani,drill_target_lock,2025-10-06,4
ath_harper,drill_flush,2025-10-06,3
ath_harper,drill_visualize,2025-10-06,4
ath_mika,drill_anchor,2025-10-06,5
ath_mika,drill_flush,2025-10-06,3
ath_noa,drill_scout_self,2025-10-06,6
ath_harper,drill_reset,2025-10-07,3
ath_priya,drill_reset,2025-10-07,3
ath_kenzie,drill_box_breath,2025-10-08,4
ath_marisol,drill_box_breath,2025-10-08,4
ath_priya,drill_win_log,2025-10-08,5
ath_sophia,drill_scout_self,2025-10-08,6
ath_adaeze,drill_self_talk,2025-10-09,3
ath_kenzie,drill_breath_reset,2025-10-09,2
ath_noa,drill_target_lock,2025-10-09,4
ath_priya,drill_reset,2025-10-09,3
ath_zoe,drill_anchor,2025-10-09,5
ath_adaeze,drill_target_lock,2025-10-10,4
ath_dani,drill_anchor,2025-10-10,5
ath_ella,drill_breath_reset,2025-10-10,2
ath_rowan,drill_anchor,2025-10-10,5
ath_dani,drill_scout_self,2025-10-11,6
ath_reese,drill_breath_reset,2025-10-11,2
ath_rowan,drill_box_breath,2025-10-11,4
ath_dani,drill_flush,2025-10-12,3
ath_ella,drill_fire_up,2025-10-12,3
ath_marisol,drill_flush,2025-10-12,3
ath_marisol,drill_reset,2025-10-12,3
ath_noa,drill_reset,2025-10-12,3
ath_priya,drill_self_talk,2025-10-12,3
ath_reese,drill_target_lock,2025-10-12,4
ath_dani,drill_target_lock,2025-10-13,4
ath_dani,drill_visualize,2025-10-13,4
ath_gabby,drill_scout_self,2025-10-13,6
ath_harper,drill_target_lock,2025-10-13,4
ath_mika,drill_self_talk,2025-10-13,3
ath_noa,drill_reset,2025-10-13,3
ath_ella,drill_target_lock,2025-10-14,4
ath_noa,drill_flush,2025-10-14,3
ath_noa,drill_reset,2025-10-14,3
ath_priya,drill_win_log,2025-10-14,5
ath_rowan,drill_reset,2025-10-14,3
ath_dani,drill_reset,2025-10-15,3
ath_priya,drill_flush,2025-10-15,3
ath_priya,drill_self_talk,2025-10-15,3
ath_reese,drill_flush,2025-10-15,3
ath_kenzie,drill_box_breath,2025-10-16,4
ath_marisol,drill_win_log,2025-10-16,5
ath_harper,drill_self_talk,2025-10-17,3
ath_kenzie,drill_box_breath,2025-10-17,4
ath_reese,drill_pressure_ladder,2025-10-17,6
ath_adaeze,drill_flush,2025-10-18,3
ath_ella,drill_anchor,2025-10-18,5
ath_harper,drill_flush,2025-10-18,3
ath_mika,drill_scout_self,2025-10-18,6
ath_adaeze,drill_anchor,2025-10-19,5
ath_adaeze,drill_box_breath,2025-10-19,4
ath_dani,drill_target_lock,2025-10-19,4
ath_harper,drill_target_lock,2025-10-19,4
ath_marisol,drill_reset,2025-10-19,3
ath_marisol,drill_target_lock,2025-10-19,4
ath_rowan,drill_target_lock,2025-10-19,4
ath_zoe,drill_target_lock,2025-10-19,4
ath_adaeze,drill_anchor,2025-10-20,5
ath_ella,drill_self_talk,2025-10-20,3
ath_harper,drill_anchor,2025-10-20,5
ath_marisol,drill_pressure_ladder,2025-10-20,6
ath_marisol,drill_self_talk,2025-10-20,3
ath_mika,drill_target_lock,2025-10-20,4
ath_rowan,drill_target_lock,2025-10-20,4
ath_kenzie,drill_box_breath,2025-10-21,4
ath_priya,drill_win_log,2025-10-21,5
ath_sophia,drill_target_lock,2025-10-21,4
ath_adaeze,drill_scout_self,2025-10-22,6
ath_dani,drill_breath_reset,2025-10-22,2
ath_marisol,drill_win_log,2025-10-22,5
ath_noa,drill_flush,2025-10-22,3
ath_noa,drill_self_talk,2025-10-22,3
ath_reese,drill_win_log,2025-10-22,5
ath_adaeze,drill_self_talk,2025-10-23,3
ath_dani,drill_reset,2025-10-23,3
ath_gabby,drill_visualize,2025-10-23,4
ath_mika,drill_scout_self,2025-10-23,6
ath_noa,drill_self_talk,2025-10-23,3
ath_rowan,drill_reset,2025-10-23,3
ath_dani,drill_box_breath,2025-10-24,4
ath_harper,drill_anchor,2025-10-24,5
ath_harper,drill_flush,2025-10-24,3
ath_marisol,drill_fire_up,2025-10-24,3
ath_priya,drill_anchor,2025-10-24,5
ath_reese,drill_reset,2025-10-24,3
ath_tati,drill_scout_self,2025-10-24,6
ath_kenzie,drill_self_talk,2025-10-25,3
ath_ella,drill_visualize,2025-10-26,4
ath_harper,drill_visualize,2025-10-26,4
ath_noa,drill_flush,2025-10-26,3
ath_priya,drill_flush,2025-10-26,3
ath_dani,drill_flush,2025-10-27,3
ath_marisol,drill_reset,2025-10-27,3
ath_marisol,drill_win_log,2025-10-27,5
ath_adaeze,drill_fire_up,2025-10-28,3
ath_adaeze,drill_win_log,2025-10-28,5
ath_adaeze,drill_win_log,2025-10-28,5
ath_dani,drill_reset,2025-10-28,3
ath_ella,drill_anchor,2025-10-28,5
ath_ella,drill_self_talk,2025-10-28,3
ath_harper,drill_anchor,2025-10-28,5
ath_mika,drill_flush,2025-10-28,3
ath_noa,drill_reset,2025-10-28,3
ath_priya,drill_reset,2025-10-28,3
ath_priya,drill_self_talk,2025-10-28,3
ath_adaeze,drill_visualize,2025-10-29,4
ath_harper,drill_anchor,2025-10-29,5
ath_kenzie,drill_reset,2025-10-29,3
ath_gabby,drill_breath_reset,2025-10-31,2
ath_kenzie,drill_box_breath,2025-10-31,4
ath_marisol,drill_self_talk,2025-10-31,3
ath_noa,drill_fire_up,2025-10-31,3
ath_reese,drill_flush,2025-10-31,3
ath_reese,drill_self_talk,2025-10-31,3
ath_harper,drill_anchor,2025-11-01,5
ath_noa,drill_win_log,2025-11-01,5
ath_rowan,drill_reset,2025-11-01,3
ath_rowan,drill_visualize,2025-11-01,4
ath_zoe,drill_anchor,2025-11-01,5
ath_dani,drill_target_lock,2025-11-02,4
ath_lena,drill_anchor,2025-11-02,5
ath_mika,drill_scout_self,2025-11-02,6
ath_noa,drill_win_log,2025-11-02,5
ath_priya,drill_flush,2025-11-02,3
ath_priya,drill_win_log,2025-11-02,5
ath_kenzie,drill_visualize,2025-11-03,4
ath_noa,drill_self_talk,2025-11-03,3
ath_noa,drill_self_talk,2025-11-03,3
ath_priya,drill_box_breath,2025-11-03,4
ath_rowan,drill_reset,2025-11-03,3
ath_dani,drill_reset,2025-11-04,3
ath_dani,drill_target_lock,2025-11-04,4
ath_gabby,drill_breath_reset,2025-11-04,2
ath_mika,drill_visualize,2025-11-04,4
ath_reese,drill_win_log,2025-11-04,5
ath_adaeze,drill_self_talk,2025-11-05,3
ath_harper,drill_pressure_ladder,2025-11-05,6
ath_harper,drill_target_lock,2025-11-05,4
ath_marisol,drill_self_talk,2025-11-05,3
ath_priya,drill_flush,2025-11-05,3
ath_dani,drill_visualize,2025-11-06,4
ath_ella,drill_anchor,2025-11-06,5
ath_kenzie,drill_reset,2025-11-06,3
ath_rowan,drill_anchor,2025-11-06,5
ath_adaeze,drill_breath_reset,2025-11-07,2
ath_adaeze,drill_self_talk,2025-11-07,3
ath_harper,drill_anchor,2025-11-07,5
ath_marisol,drill_win_log,2025-11-07,5
ath_priya,drill_reset,2025-11-07,3
ath_reese,drill_win_log,2025-11-07,5
ath_adaeze,drill_breath_reset,2025-11-08,2
ath_ella,drill_target_lock,2025-11-08,4
ath_marisol,drill_win_log,2025-11-08,5
ath_mika,drill_flush,2025-11-08,3
ath_noa,drill_win_log,2025-11-08,5
ath_adaeze,drill_box_breath,2025-11-09,4
ath_adaeze,drill_breath_reset,2025-11-10,2
ath_adaeze,drill_reset,2025-11-10,3
ath_dani,drill_flush,2025-11-10,3
ath_ella,drill_scout_self,2025-11-10,6
ath_noa,drill_reset,2025-11-10,3
ath_rowan,drill_reset,2025-11-10,3
ath_adaeze,drill_self_talk,2025-11-11,3
ath_dani,drill_reset,2025-11-11,3
ath_gabby,drill_self_talk,2025-11-11,3
ath_priya,drill_flush,2025-11-11,3
ath_priya,drill_self_talk,2025-11-11,3
ath_priya,drill_win_log,2025-11-11,5
ath_reese,drill_win_log,2025-11-11,5
ath_dani,drill_anchor,2025-11-12,5
ath_harper,drill_reset,2025-11-12,3
ath_harper,drill_win_log,2025-11-12,5
ath_marisol,drill_flush,2025-11-12,3
ath_mika,drill_scout_self,2025-11-12,6
ath_reese,drill_reset,2025-11-12,3
ath_adaeze,drill_win_log,2025-11-13,5
ath_dani,drill_fire_up,2025-11-13,3
ath_marisol,drill_breath_reset,2025-11-13,2
ath_marisol,drill_breath_reset,2025-11-13,2
ath_mika,drill_target_lock,2025-11-13,4
ath_kenzie,drill_pressure_ladder,2025-11-14,6
ath_noa,drill_box_breath,2025-11-14,4
ath_priya,drill_box_breath,2025-11-14,4
ath_adaeze,drill_pressure_ladder,2025-11-15,6
ath_kenzie,drill_win_log,2025-11-15,5
ath_marisol,drill_win_log,2025-11-15,5
ath_ella,drill_visualize,2025-11-16,4
ath_harper,drill_target_lock,2025-11-16,4
ath_noa,drill_flush,2025-11-16,3
ath_rowan,drill_anchor,2025-11-16,5
ath_sophia,drill_pressure_ladder,2025-11-16,6
ath_kenzie,drill_reset,2025-11-17,3
ath_marisol,drill_self_talk,2025-11-17,3
ath_adaeze,drill_self_talk,2025-11-18,3
ath_dani,drill_visualize,2025-11-18,4
ath_harper,drill_target_lock,2025-11-18,4
ath_reese,drill_reset,2025-11-18,3
ath_rowan,drill_reset,2025-11-18,3
ath_adaeze,drill_self_talk,2025-11-19,3
ath_kenzie,drill_fire_up,2025-11-19,3
ath_marisol,drill_flush,2025-11-19,3
ath_noa,drill_visualize,2025-11-19,4
ath_priya,drill_target_lock,2025-11-19,4
ath_ella,drill_target_lock,2025-11-20,4
ath_marisol,drill_reset,2025-11-20,3
ath_noa,drill_reset,2025-11-20,3
ath_noa,drill_target_lock,2025-11-20,4
ath_rowan,drill_box_breath,2025-11-20,4
ath_dani,drill_reset,2025-11-21,3
ath_mika,drill_reset,2025-11-21,3
ath_mika,drill_win_log,2025-11-21,5
ath_reese,drill_reset,2025-11-21,3
ath_adaeze,drill_box_breath,2025-11-22,4
ath_adaeze,drill_self_talk,2025-11-22,3
ath_dani,drill_anchor,2025-11-22,5
ath_dani,drill_target_lock,2025-11-22,4
ath_ella,drill_target_lock,2025-11-22,4
ath_gabby,drill_reset,2025-11-22,3
ath_harper,drill_visualize,2025-11-22,4
ath_harper,drill_visualize,2025-11-22,4
ath_priya,drill_visualize,2025-11-22,4
ath_sophia,drill_anchor,2025-11-22,5
ath_adaeze,drill_self_talk,2025-11-23,3
ath_harper,drill_anchor,2025-11-23,5
ath_marisol,drill_self_talk,2025-11-23,3
ath_priya,drill_flush,2025-11-23,3
ath_dani,drill_visualize,2025-11-24,4
ath_marisol,drill_reset,2025-11-24,3
ath_noa,drill_self_talk,2025-11-24,3
ath_adaeze,drill_win_log,2025-11-25,5
ath_dani,drill_visualize,2025-11-25,4
ath_ella,drill_anchor,2025-11-25,5
ath_marisol,drill_breath_reset,2025-11-25,2
ath_priya,drill_win_log,2025-11-25,5
ath_marisol,drill_reset,2025-11-26,3
ath_mika,drill_target_lock,2025-11-26,4
ath_noa,drill_reset,2025-11-26,3
ath_reese,drill_reset,2025-11-26,3
ath_adaeze,drill_anchor,2025-11-27,5
ath_dani,drill_anchor,2025-11-27,5
ath_harper,drill_reset,2025-11-27,3
ath_kenzie,drill_breath_reset,2025-11-27,2
ath_priya,drill_flush,2025-11-27,3
ath_reese,drill_self_talk,2025-11-27,3
ath_adaeze,drill_target_lock,2025-11-28,4
ath_harper,drill_flush,2025-11-28,3
ath_kenzie,drill_pressure_ladder,2025-11-28,6
ath_rowan,drill_visualize,2025-11-28,4
ath_dani,drill_anchor,2025-11-29,5
ath_harper,drill_anchor,2025-11-29,5
ath_mika,drill_flush,2025-11-29,3
ath_priya,drill_flush,2025-11-29,3
ath_tati,drill_scout_self,2025-11-29,6
ath_adaeze,drill_anchor,2025-11-30,5
ath_adaeze,drill_self_talk,2025-11-30,3
ath_ella,drill_visualize,2025-11-30,4
ath_noa,drill_self_talk,2025-11-30,3
ath_priya,drill_reset,2025-11-30,3
ath_rowan,drill_flush,2025-11-30,3
ath_adaeze,drill_win_log,2025-12-01,5
ath_harper,drill_target_lock,2025-12-01,4
ath_marisol,drill_flush,2025-12-01,3
ath_marisol,drill_flush,2025-12-01,3
ath_marisol,drill_reset,2025-12-01,3
ath_noa,drill_reset,2025-12-01,3
ath_rowan,drill_reset,2025-12-01,3
ath_priya,drill_flush,2025-12-02,3
ath_rowan,drill_reset,2025-12-02,3
ath_adaeze,drill_self_talk,2025-12-03,3
ath_adaeze,drill_win_log,2025-12-03,5
ath_dani,drill_win_log,2025-12-03,5
ath_ella,drill_win_log,2025-12-03,5
ath_mika,drill_flush,2025-12-03,3
ath_dani,drill_target_lock,2025-12-04,4
ath_harper,drill_reset,2025-12-04,3
ath_kenzie,drill_box_breath,2025-12-04,4
ath_mika,drill_reset,2025-12-04,3
ath_noa,drill_fire_up,2025-12-04,3
ath_noa,drill_target_lock,2025-12-04,4
ath_reese,drill_win_log,2025-12-04,5
ath_zoe,drill_anchor,2025-12-04,5
ath_dani,drill_flush,2025-12-05,3
ath_noa,drill_breath_reset,2025-12-05,2
ath_kenzie,drill_fire_up,2025-12-06,3
ath_marisol,drill_flush,2025-12-06,3
ath_priya,drill_anchor,2025-12-06,5
ath_tati,drill_reset,2025-12-06,3
ath_adaeze,drill_breath_reset,2025-12-07,2
ath_adaeze,drill_breath_reset,2025-12-07,2
ath_dani,drill_visualize,2025-12-07,4
ath_ella,drill_visualize,2025-12-07,4
ath_harper,drill_anchor,2025-12-07,5
ath_priya,drill_fire_up,2025-12-07,3
ath_priya,drill_reset,2025-12-07,3
ath_reese,drill_reset,2025-12-07,3
ath_sophia,drill_scout_self,2025-12-07,6
ath_marisol,drill_anchor,2025-12-08,5
ath_priya,drill_win_log,2025-12-08,5
ath_dani,drill_visualize,2025-12-09,4
ath_dani,drill_visualize,2025-12-09,4
ath_kenzie,drill_pressure_ladder,2025-12-09,6
ath_marisol,drill_reset,2025-12-09,3
ath_noa,drill_fire_up,2025-12-09,3
ath_noa,drill_self_talk,2025-12-09,3
ath_noa,drill_self_talk,2025-12-09,3
ath_rowan,drill_visualize,2025-12-09,4
ath_adaeze,drill_win_log,2025-12-10,5
ath_dani,drill_flush,2025-12-10,3
ath_ella,drill_fire_up,2025-12-10,3
ath_adaeze,drill_pressure_ladder,2025-12-11,6
ath_noa,drill_flush,2025-12-11,3
ath_priya,drill_anchor,2025-12-11,5
ath_adaeze,drill_self_talk,2025-12-12,3
ath_ella,drill_target_lock,2025-12-12,4
ath_harper,drill_flush,2025-12-12,3
ath_harper,drill_visualize,2025-12-12,4
ath_kenzie,drill_win_log,2025-12-12,5
ath_marisol,drill_self_talk,2025-12-12,3
ath_mika,drill_visualize,2025-12-12,4
ath_rowan,drill_self_talk,2025-12-12,3
ath_adaeze,drill_win_log,2025-12-13,5
ath_harper,drill_box_breath,2025-12-13,4
ath_harper,drill_visualize,2025-12-13,4
ath_mika,drill_visualize,2025-12-13,4
ath_reese,drill_self_talk,2025-12-13,3
ath_reese,drill_target_lock,2025-12-13,4
ath_adaeze,drill_self_talk,2025-12-14,3
ath_dani,drill_flush,2025-12-14,3
ath_priya,drill_reset,2025-12-14,3
ath_adaeze,drill_breath_reset,2025-12-15,2
ath_adaeze,drill_target_lock,2025-12-15,4
ath_dani,drill_flush,2025-12-15,3
ath_dani,drill_visualize,2025-12-15,4
ath_ella,drill_fire_up,2025-12-15,3
ath_harper,drill_reset,2025-12-15,3
ath_marisol,drill_anchor,2025-12-15,5
ath_marisol,drill_visualize,2025-12-15,4
ath_noa,drill_flush,2025-12-15,3
ath_priya,drill_self_talk,2025-12-15,3
ath_sophia,drill_target_lock,2025-12-15,4
ath_dani,drill_self_talk,2025-12-16,3
ath_mika,drill_win_log,2025-12-16,5
ath_adaeze,drill_self_talk,2025-12-17,3
ath_harper,drill_anchor,2025-12-17,5
ath_kenzie,drill_flush,2025-12-17,3
ath_lena,drill_reset,2025-12-17,3
ath_priya,drill_visualize,2025-12-17,4
ath_priya,drill_win_log,2025-12-17,5
ath_reese,drill_reset,2025-12-17,3
ath_adaeze,drill_self_talk,2025-12-18,3
ath_mika,drill_reset,2025-12-18,3
ath_noa,drill_box_breath,2025-12-18,4
ath_kenzie,drill_breath_reset,2025-12-19,2
ath_noa,drill_reset,2025-12-19,3
ath_reese,drill_box_breath,2025-12-19,4
ath_rowan,drill_target_lock,2025-12-19,4
ath_adaeze,drill_box_breath,2025-12-20,4
ath_harper,drill_self_talk,2025-12-20,3
ath_tati,drill_reset,2025-12-20,3
ath_zoe,drill_target_lock,2025-12-20,4
ath_ella,drill_anchor,2025-12-21,5
ath_marisol,drill_win_log,2025-12-21,5
ath_rowan,drill_pressure_ladder,2025-12-21,6
ath_adaeze,drill_win_log,2025-12-22,5
ath_dani,drill_visualize,2025-12-22,4
ath_priya,drill_scout_self,2025-12-22,6
ath_adaeze,drill_visualize,2025-12-23,4
ath_ella,drill_visualize,2025-12-23,4
ath_kenzie,drill_anchor,2025-12-23,5
ath_kenzie,drill_box_breath,2025-12-23,4
ath_priya,drill_win_log,2025-12-23,5
ath_adaeze,drill_self_talk,2025-12-24,3
ath_adaeze,drill_win_log,2025-12-24,5
ath_dani,drill_reset,2025-12-24,3
ath_marisol,drill_self_talk,2025-12-24,3
ath_noa,drill_self_talk,2025-12-24,3
ath_reese,drill_win_log,2025-12-24,5
ath_rowan,drill_target_lock,2025-12-24,4
ath_rowan,drill_visualize,2025-12-24,4
ath_zoe,drill_anchor,2025-12-24,5
ath_harper,drill_anchor,2025-12-25,5
ath_harper,drill_flush,2025-12-25,3
ath_harper,drill_flush,2025-12-25,3
ath_mika,drill_anchor,2025-12-25,5
ath_priya,drill_self_talk,2025-12-25,3
ath_harper,drill_visualize,2025-12-26,4
ath_marisol,drill_scout_self,2025-12-26,6
ath_noa,drill_self_talk,2025-12-26,3
ath_reese,drill_breath_reset,2025-12-26,2
ath_adaeze,drill_win_log,2025-12-27,5
ath_dani,drill_reset,2025-12-27,3
ath_ella,drill_target_lock,2025-12-27,4
ath_marisol,drill_reset,2025-12-27,3
ath_mika,drill_reset,2025-12-27,3
ath_noa,drill_breath_reset,2025-12-27,2
ath_marisol,drill_reset,2025-12-28,3
ath_tati,drill_box_breath,2025-12-28,4
ath_kenzie,drill_target_lock,2025-12-29,4
ath_marisol,drill_reset,2025-12-29,3
ath_noa,drill_flush,2025-12-29,3
ath_priya,drill_flush,2025-12-29,3
ath_reese,drill_flush,2025-12-29,3
ath_adaeze,drill_pressure_ladder,2025-12-30,6
ath_dani,drill_anchor,2025-12-30,5
ath_harper,drill_target_lock,2025-12-30,4
ath_harper,drill_visualize,2025-12-30,4
ath_marisol,drill_flush,2025-12-30,3
ath_adaeze,drill_box_breath,2025-12-31,4
ath_gabby,drill_box_breath,2025-12-31,4
ath_marisol,drill_scout_self,2025-12-31,6
ath_mika,drill_reset,2025-12-31,3
ath_noa,drill_reset,2025-12-31,3
ath_zoe,drill_anchor,2025-12-31,5
ath_dani,drill_anchor,2026-01-01,5
ath_dani,drill_pressure_ladder,2026-01-01,6
ath_marisol,drill_flush,2026-01-01,3
ath_rowan,drill_box_breath,2026-01-01,4
ath_rowan,drill_win_log,2026-01-01,5
ath_adaeze,drill_scout_self,2026-01-02,6
ath_adaeze,drill_visualize,2026-01-02,4
ath_ella,drill_reset,2026-01-02,3
ath_kenzie,drill_pressure_ladder,2026-01-02,6
ath_mika,drill_anchor,2026-01-02,5
ath_priya,drill_pressure_ladder,2026-01-02,6
ath_reese,drill_scout_self,2026-01-02,6
ath_adaeze,drill_self_talk,2026-01-03,3
ath_ella,drill_anchor,2026-01-03,5
ath_noa,drill_flush,2026-01-03,3
ath_noa,drill_win_log,2026-01-03,5
ath_harper,drill_scout_self,2026-01-04,6
ath_priya,drill_reset,2026-01-04,3
ath_dani,drill_reset,2026-01-05,3
ath_priya,drill_self_talk,2026-01-05,3
ath_priya,drill_self_talk,2026-01-05,3
ath_rowan,drill_visualize,2026-01-05,4
ath_ella,drill_target_lock,2026-01-06,4
ath_gabby,drill_breath_reset,2026-01-06,2
ath_kenzie,drill_box_breath,2026-01-06,4
ath_mika,drill_flush,2026-01-06,3
ath_reese,drill_breath_reset,2026-01-06,2
ath_sophia,drill_flush,2026-01-06,3
ath_zoe,drill_win_log,2026-01-06,5
ath_dani,drill_breath_reset,2026-01-07,2
ath_adaeze,drill_pressure_ladder,2026-01-08,6
ath_harper,drill_anchor,2026-01-08,5
ath_marisol,drill_win_log,2026-01-08,5
ath_noa,drill_self_talk,2026-01-08,3
ath_adaeze,drill_pressure_ladder,2026-01-09,6
ath_adaeze,drill_scout_self,2026-01-09,6
ath_dani,drill_self_talk,2026-01-09,3
ath_ella,drill_target_lock,2026-01-09,4
ath_noa,drill_win_log,2026-01-09,5
ath_priya,drill_self_talk,2026-01-09,3
ath_reese,drill_win_log,2026-01-09,5
ath_adaeze,drill_self_talk,2026-01-10,3
ath_harper,drill_anchor,2026-01-10,5
ath_kenzie,drill_flush,2026-01-10,3
ath_marisol,drill_anchor,2026-01-10,5
ath_marisol,drill_win_log,2026-01-10,5
ath_mika,drill_flush,2026-01-10,3
ath_noa,drill_self_talk,2026-01-10,3
ath_noa,drill_target_lock,2026-01-10,4
ath_adaeze,drill_win_log,2026-01-11,5
ath_harper,drill_reset,2026-01-11,3
ath_marisol,drill_self_talk,2026-01-11,3
ath_priya,drill_win_log,2026-01-11,5
ath_rowan,drill_anchor,2026-01-11,5
ath_adaeze,drill_box_breath,2026-01-12,4
ath_adaeze,drill_win_log,2026-01-12,5
ath_kenzie,drill_scout_self,2026-01-12,6
ath_marisol,drill_self_talk,2026-01-12,3
ath_noa,drill_self_talk,2026-01-12,3
ath_harper,drill_target_lock,2026-01-13,4
ath_harper,drill_target_lock,2026-01-13,4
ath_noa,drill_reset,2026-01-13,3
ath_noa,drill_self_talk,2026-01-13,3
ath_reese,drill_win_log,2026-01-13,5
ath_rowan,drill_flush,2026-01-13,3
ath_harper,drill_reset,2026-01-14,3
ath_marisol,drill_flush,2026-01-14,3
ath_noa,drill_self_talk,2026-01-14,3
ath_rowan,drill_flush,2026-01-14,3
ath_adaeze,drill_box_breath,2026-01-15,4
ath_dani,drill_target_lock,2026-01-15,4
ath_ella,drill_anchor,2026-01-15,5
ath_gabby,drill_breath_reset,2026-01-15,2
ath_mika,drill_flush,2026-01-15,3
ath_ella,drill_box_breath,2026-01-16,4
ath_mika,drill_flush,2026-01-16,3
ath_priya,drill_reset,2026-01-16,3
ath_reese,drill_win_log,2026-01-16,5
ath_adaeze,drill_win_log,2026-01-17,5
ath_dani,drill_anchor,2026-01-17,5
ath_harper,drill_win_log,2026-01-17,5
ath_zoe,drill_win_log,2026-01-17,5
ath_adaeze,drill_win_log,2026-01-18,5
ath_dani,drill_anchor,2026-01-18,5
ath_kenzie,drill_anchor,2026-01-18,5
ath_marisol,drill_flush,2026-01-18,3
ath_marisol,drill_reset,2026-01-18,3
ath_priya,drill_self_talk,2026-01-18,3
ath_priya,drill_win_log,2026-01-18,5
ath_adaeze,drill_box_breath,2026-01-19,4
ath_adaeze,drill_win_log,2026-01-19,5
ath_dani,drill_anchor,2026-01-19,5
ath_harper,drill_anchor,2026-01-19,5
ath_kenzie,drill_reset,2026-01-19,3
ath_marisol,drill_reset,2026-01-19,3
ath_priya,drill_reset,2026-01-19,3
ath_ella,drill_target_lock,2026-01-20,4
ath_kenzie,drill_box_breath,2026-01-20,4
ath_marisol,drill_reset,2026-01-20,3
ath_priya,drill_flush,2026-01-20,3
ath_adaeze,drill_pressure_ladder,2026-01-21,6
ath_mika,drill_visualize,2026-01-21,4
ath_adaeze,drill_target_lock,2026-01-22,4
ath_harper,drill_anchor,2026-01-22,5
ath_mika,drill_target_lock,2026-01-22,4
ath_noa,drill_self_talk,2026-01-22,3
ath_reese,drill_reset,2026-01-22,3
ath_rowan,drill_reset,2026-01-22,3
ath_dani,drill_visualize,2026-01-23,4
ath_ella,drill_win_log,2026-01-23,5
ath_gabby,drill_flush,2026-01-23,3
ath_noa,drill_win_log,2026-01-23,5
ath_priya,drill_reset,2026-01-23,3
ath_tati,drill_reset,2026-01-23,3
ath_dani,drill_anchor,2026-01-24,5
ath_harper,drill_target_lock,2026-01-24,4
ath_marisol,drill_win_log,2026-01-24,5
ath_reese,drill_pressure_ladder,2026-01-24,6
ath_rowan,drill_flush,2026-01-24,3
ath_adaeze,drill_pressure_ladder,2026-01-25,6
ath_dani,drill_anchor,2026-01-25,5
ath_marisol,drill_reset,2026-01-25,3
ath_noa,drill_breath_reset,2026-01-25,2
ath_priya,drill_self_talk,2026-01-25,3
ath_ella,drill_visualize,2026-01-26,4
ath_kenzie,drill_win_log,2026-01-26,5
ath_priya,drill_fire_up,2026-01-26,3
ath_priya,drill_win_log,2026-01-26,5
ath_rowan,drill_target_lock,2026-01-26,4
ath_adaeze,drill_win_log,2026-01-27,5
ath_harper,drill_anchor,2026-01-27,5
ath_harper,drill_target_lock,2026-01-27,4
ath_marisol,drill_flush,2026-01-27,3
ath_marisol,drill_flush,2026-01-27,3
ath_marisol,drill_reset,2026-01-27,3
ath_noa,drill_reset,2026-01-27,3
ath_harper,drill_flush,2026-01-28,3
ath_priya,drill_win_log,2026-01-28,5
ath_reese,drill_flush,2026-01-28,3
ath_dani,drill_visualize,2026-01-29,4
ath_mika,drill_anchor,2026-01-29,5
ath_mika,drill_box_breath,2026-01-29,4
ath_noa,drill_flush,2026-01-29,3
ath_noa,drill_win_log,2026-01-29,5
ath_priya,drill_flush,2026-01-29,3
ath_adaeze,drill_pressure_ladder,2026-01-30,6
ath_dani,drill_anchor,2026-01-30,5
ath_kenzie,drill_pressure_ladder,2026-01-30,6
ath_reese,drill_flush,2026-01-30,3
ath_zoe,drill_target_lock,2026-01-30,4
ath_adaeze,drill_pressure_ladder,2026-01-31,6
ath_dani,drill_reset,2026-01-31,3
ath_adaeze,drill_scout_self,2026-02-01,6
ath_adaeze,drill_self_talk,2026-02-01,3
ath_ella,drill_visualize,2026-02-01,4
ath_rowan,drill_reset,2026-02-01,3
ath_adaeze,drill_fire_up,2026-02-02,3
ath_adaeze,drill_pressure_ladder,2026-02-02,6
ath_harper,drill_flush,2026-02-02,3
ath_marisol,drill_flush,2026-02-02,3
ath_mika,drill_visualize,2026-02-02,4
ath_priya,drill_anchor,2026-02-02,5
ath_harper,drill_visualize,2026-02-03,4
ath_marisol,drill_reset,2026-02-03,3
ath_noa,drill_breath_reset,2026-02-03,2
ath_noa,drill_reset,2026-02-03,3
ath_noa,drill_reset,2026-02-03,3
ath_priya,drill_reset,2026-02-03,3
ath_priya,drill_self_talk,2026-02-03,3
ath_tati,drill_flush,2026-02-03,3
ath_gabby,drill_reset,2026-02-04,3
ath_kenzie,drill_box_breath,2026-02-04,4
ath_marisol,drill_reset,2026-02-04,3
ath_noa,drill_win_log,2026-02-04,5
ath_reese,drill_self_talk,2026-02-04,3
ath_dani,drill_reset,2026-02-05,3
ath_rowan,drill_visualize,2026-02-05,4
ath_harper,drill_anchor,2026-02-06,5
ath_adaeze,drill_visualize,2026-02-07,4
ath_adaeze,drill_win_log,2026-02-07,5
ath_dani,drill_reset,2026-02-07,3
ath_dani,drill_visualize,2026-02-07,4
ath_dani,drill_visualize,2026-02-07,4
ath_harper,drill_flush,2026-02-07,3
ath_kenzie,drill_breath_reset,2026-02-07,2
ath_mika,drill_visualize,2026-02-07,4
ath_priya,drill_flush,2026-02-07,3
ath_rowan,drill_reset,2026-02-07,3
ath_adaeze,drill_self_talk,2026-02-08,3
ath_ella,drill_pressure_ladder,2026-02-08,6
ath_ella,drill_target_lock,2026-02-08,4
ath_marisol,drill_flush,2026-02-08,3
ath_reese,drill_pressure_ladder,2026-02-08,6
ath_adaeze,drill_pressure_ladder,2026-02-09,6
ath_harper,drill_reset,2026-02-09,3
ath_harper,drill_target_lock,2026-02-09,4
ath_noa,drill_flush,2026-02-09,3
ath_harper,drill_target_lock,2026-02-10,4
ath_noa,drill_win_log,2026-02-10,5
ath_noa,drill_win_log,2026-02-10,5
ath_priya,drill_pressure_ladder,2026-02-10,6
ath_adaeze,drill_box_breath,2026-02-11,4
ath_adaeze,drill_pressure_ladder,2026-02-11,6
ath_lena,drill_reset,2026-02-11,3
ath_mika,drill_anchor,2026-02-11,5
ath_rowan,drill_visualize,2026-02-11,4
ath_adaeze,drill_anchor,2026-02-12,5
ath_adaeze,drill_flush,2026-02-12,3
ath_dani,drill_self_talk,2026-02-12,3
ath_ella,drill_win_log,2026-02-12,5
ath_marisol,drill_flush,2026-02-12,3
ath_marisol,drill_self_talk,2026-02-12,3
ath_mika,drill_visualize,2026-02-12,4
ath_zoe,drill_self_talk,2026-02-12,3
ath_dani,drill_breath_reset,2026-02-13,2
ath_kenzie,drill_pressure_ladder,2026-02-13,6
ath_priya,drill_reset,2026-02-13,3
ath_sophia,drill_fire_up,2026-02-13,3
ath_ella,drill_target_lock,2026-02-14,4
ath_kenzie,drill_anchor,2026-02-14,5
ath_priya,drill_reset,2026-02-14,3
ath_reese,drill_breath_reset,2026-02-14,2
ath_reese,drill_win_log,2026-02-14,5
ath_rowan,drill_fire_up,2026-02-14,3
ath_dani,drill_pressure_ladder,2026-02-15,6
ath_dani,drill_target_lock,2026-02-15,4
ath_harper,drill_anchor,2026-02-15,5
ath_marisol,drill_reset,2026-02-15,3
ath_marisol,drill_visualize,2026-02-15,4
ath_adaeze,drill_box_breath,2026-02-16,4
ath_adaeze,drill_pressure_ladder,2026-02-16,6
ath_dani,drill_flush,2026-02-16,3
ath_ella,drill_visualize,2026-02-16,4
ath_noa,drill_flush,2026-02-16,3
ath_noa,drill_win_log,2026-02-16,5
ath_dani,drill_breath_reset,2026-02-17,2
ath_ella,drill_win_log,2026-02-17,5
ath_noa,drill_scout_self,2026-02-17,6
ath_rowan,drill_box_breath,2026-02-17,4
ath_rowan,drill_flush,2026-02-17,3
ath_adaeze,drill_self_talk,2026-02-18,3
ath_dani,drill_reset,2026-02-18,3
ath_harper,drill_flush,2026-02-18,3
ath_harper,drill_reset,2026-02-18,3
ath_marisol,drill_win_log,2026-02-18,5
ath_reese,drill_reset,2026-02-18,3
ath_adaeze,drill_breath_reset,2026-02-19,2
ath_harper,drill_visualize,2026-02-19,4
ath_marisol,drill_self_talk,2026-02-19,3
ath_marisol,drill_win_log,2026-02-19,5
ath_mika,drill_reset,2026-02-19,3
ath_noa,drill_reset,2026-02-19,3
ath_reese,drill_flush,2026-02-19,3
ath_tati,drill_fire_up,2026-02-19,3
ath_priya,drill_visualize,2026-02-20,4
ath_zoe,drill_flush,2026-02-20,3
ath_kenzie,drill_pressure_ladder,2026-02-21,6
ath_kenzie,drill_self_talk,2026-02-21,3
ath_marisol,drill_self_talk,2026-02-21,3
ath_priya,drill_reset,2026-02-21,3
ath_adaeze,drill_win_log,2026-02-22,5
ath_gabby,drill_reset,2026-02-22,3
ath_harper,drill_win_log,2026-02-22,5
ath_mika,drill_flush,2026-02-22,3
ath_priya,drill_reset,2026-02-22,3
ath_harper,drill_target_lock,2026-02-23,4
ath_kenzie,drill_box_breath,2026-02-23,4
ath_priya,drill_flush,2026-02-23,3
ath_ella,drill_win_log,2026-02-24,5
ath_mika,drill_flush,2026-02-24,3
ath_noa,drill_breath_reset,2026-02-24,2
ath_priya,drill_reset,2026-02-24,3
ath_adaeze,drill_win_log,2026-02-25,5
ath_dani,drill_pressure_ladder,2026-02-25,6
ath_harper,drill_visualize,2026-02-25,4
ath_marisol,drill_reset,2026-02-25,3
ath_marisol,drill_reset,2026-02-25,3
ath_marisol,drill_target_lock,2026-02-25,4
ath_mika,drill_anchor,2026-02-25,5
ath_noa,drill_self_talk,2026-02-25,3
ath_rowan,drill_scout_self,2026-02-25,6
ath_dani,drill_box_breath,2026-02-26,4
ath_gabby,drill_target_lock,2026-02-26,4
ath_harper,drill_self_talk,2026-02-26,3
ath_marisol,drill_win_log,2026-02-26,5
ath_reese,drill_target_lock,2026-02-26,4
ath_rowan,drill_breath_reset,2026-02-27,2
ath_adaeze,drill_breath_reset,2026-02-28,2
ath_adaeze,drill_self_talk,2026-02-28,3
ath_adaeze,drill_win_log,2026-02-28,5
ath_dani,drill_self_talk,2026-02-28,3
ath_ella,drill_flush,2026-02-28,3
ath_kenzie,drill_pressure_ladder,2026-02-28,6
ath_noa,drill_self_talk,2026-02-28,3
ath_adaeze,drill_self_talk,2026-03-01,3
ath_priya,drill_scout_self,2026-03-01,6
ath_reese,drill_self_talk,2026-03-01,3
ath_tati,drill_box_breath,2026-03-01,4
ath_adaeze,drill_self_talk,2026-03-02,3
ath_noa,drill_anchor,2026-03-02,5
ath_noa,drill_self_talk,2026-03-02,3
ath_priya,drill_breath_reset,2026-03-02,2
ath_priya,drill_flush,2026-03-02,3
ath_reese,drill_win_log,2026-03-02,5
ath_kenzie,drill_reset,2026-03-03,3
ath_kenzie,drill_reset,2026-03-03,3
ath_mika,drill_anchor,2026-03-03,5
ath_noa,drill_self_talk,2026-03-03,3
ath_adaeze,drill_reset,2026-03-04,3
ath_adaeze,drill_self_talk,2026-03-04,3
ath_harper,drill_visualize,2026-03-04,4
ath_noa,drill_visualize,2026-03-04,4
ath_sophia,drill_breath_reset,2026-03-04,2
ath_dani,drill_target_lock,2026-03-05,4
ath_harper,drill_target_lock,2026-03-05,4
ath_adaeze,drill_anchor,2026-03-06,5
ath_harper,drill_target_lock,2026-03-06,4
ath_marisol,drill_anchor,2026-03-06,5
ath_reese,drill_scout_self,2026-03-06,6
ath_rowan,drill_target_lock,2026-03-06,4
ath_rowan,drill_target_lock,2026-03-06,4
ath_ella,drill_anchor,2026-03-07,5
ath_ella,drill_anchor,2026-03-07,5
ath_gabby,drill_reset,2026-03-07,3
ath_marisol,drill_pressure_ladder,2026-03-07,6
ath_zoe,drill_visualize,2026-03-07,4
ath_adaeze,drill_self_talk,2026-03-08,3
ath_dani,drill_box_breath,2026-03-08,4
ath_dani,drill_visualize,2026-03-08,4
ath_harper,drill_target_lock,2026-03-08,4
ath_marisol,drill_scout_self,2026-03-08,6
ath_mika,drill_win_log,2026-03-08,5
ath_priya,drill_win_log,2026-03-08,5
ath_adaeze,drill_pressure_ladder,2026-03-09,6
ath_adaeze,drill_win_log,2026-03-09,5
ath_ella,drill_self_talk,2026-03-09,3
ath_gabby,drill_box_breath,2026-03-09,4
ath_marisol,drill_anchor,2026-03-09,5
ath_mika,drill_win_log,2026-03-09,5
ath_priya,drill_flush,2026-03-09,3
ath_reese,drill_self_talk,2026-03-09,3
ath_adaeze,drill_box_breath,2026-03-10,4
ath_adaeze,drill_breath_reset,2026-03-10,2
ath_harper,drill_scout_self,2026-03-10,6
ath_harper,drill_target_lock,2026-03-10,4
ath_tati,drill_fire_up,2026-03-10,3
ath_zoe,drill_self_talk,2026-03-10,3
ath_marisol,drill_breath_reset,2026-03-11,2
ath_marisol,drill_visualize,2026-03-11,4
ath_noa,drill_flush,2026-03-11,3
ath_noa,drill_win_log,2026-03-11,5
ath_priya,drill_flush,2026-03-11,3
ath_adaeze,drill_flush,2026-03-12,3
ath_ella,drill_win_log,2026-03-12,5
ath_mika,drill_reset,2026-03-12,3
ath_priya,drill_anchor,2026-03-12,5
ath_rowan,drill_visualize,2026-03-12,4
ath_dani,drill_visualize,2026-03-13,4
ath_harper,drill_flush,2026-03-13,3
ath_kenzie,drill_self_talk,2026-03-13,3
ath_dani,drill_fire_up,2026-03-14,3
ath_dani,drill_flush,2026-03-14,3
ath_kenzie,drill_pressure_ladder,2026-03-14,6
ath_noa,drill_self_talk,2026-03-14,3
ath_reese,drill_win_log,2026-03-15,5
ath_rowan,drill_anchor,2026-03-15,5
ath_adaeze,drill_self_talk,2026-03-16,3
ath_harper,drill_pressure_ladder,2026-03-16,6
ath_kenzie,drill_pressure_ladder,2026-03-16,6
ath_marisol,drill_self_talk,2026-03-16,3
ath_mika,drill_pressure_ladder,2026-03-16,6
ath_noa,drill_box_breath,2026-03-16,4
ath_noa,drill_flush,2026-03-16,3
ath_reese,drill_self_talk,2026-03-16,3
ath_adaeze,drill_breath_reset,2026-03-17,2
ath_adaeze,drill_pressure_ladder,2026-03-17,6
ath_dani,drill_pressure_ladder,2026-03-17,6
ath_ella,drill_fire_up,2026-03-17,3
ath_noa,drill_self_talk,2026-03-17,3
ath_sophia,drill_reset,2026-03-17,3
ath_adaeze,drill_breath_reset,2026-03-18,2
ath_harper,drill_anchor,2026-03-18,5
ath_harper,drill_target_lock,2026-03-18,4
ath_priya,drill_self_talk,2026-03-18,3
ath_dani,drill_anchor,2026-03-19,5
ath_dani,drill_visualize,2026-03-19,4
ath_ella,drill_target_lock,2026-03-19,4
ath_harper,drill_anchor,2026-03-19,5
ath_kenzie,drill_breath_reset,2026-03-19,2
ath_marisol,drill_win_log,2026-03-19,5
ath_marisol,drill_win_log,2026-03-19,5
ath_mika,drill_anchor,2026-03-19,5
ath_noa,drill_anchor,2026-03-19,5
ath_dani,drill_box_breath,2026-03-20,4
ath_marisol,drill_fire_up,2026-03-20,3
ath_priya,drill_reset,2026-03-20,3
ath_reese,drill_win_log,2026-03-20,5
ath_adaeze,drill_self_talk,2026-03-21,3
ath_rowan,drill_anchor,2026-03-21,5
ath_tati,drill_scout_self,2026-03-21,6
ath_priya,drill_self_talk,2026-03-22,3
ath_priya,drill_win_log,2026-03-22,5
ath_rowan,drill_reset,2026-03-22,3
ath_zoe,drill_visualize,2026-03-22,4
ath_adaeze,drill_box_breath,2026-03-23,4
ath_dani,drill_target_lock,2026-03-23,4
ath_harper,drill_box_breath,2026-03-23,4
ath_priya,drill_self_talk,2026-03-23,3
ath_adaeze,drill_box_breath,2026-03-24,4
ath_harper,drill_visualize,2026-03-24,4
ath_harper,drill_visualize,2026-03-24,4
ath_kenzie,drill_box_breath,2026-03-24,4
ath_zoe,drill_win_log,2026-03-24,5
ath_adaeze,drill_breath_reset,2026-03-25,2
ath_adaeze,drill_flush,2026-03-25,3
ath_ella,drill_win_log,2026-03-25,5
ath_marisol,drill_reset,2026-03-25,3
ath_dani,drill_target_lock,2026-03-26,4
ath_ella,drill_reset,2026-03-26,3
ath_marisol,drill_visualize,2026-03-26,4
ath_noa,drill_flush,2026-03-26,3
ath_noa,drill_reset,2026-03-26,3
ath_rowan,drill_flush,2026-03-26,3
ath_adaeze,drill_self_talk,2026-03-27,3
ath_harper,drill_anchor,2026-03-27,5
ath_kenzie,drill_breath_reset,2026-03-27,2
ath_mika,drill_fire_up,2026-03-27,3
ath_mika,drill_visualize,2026-03-27,4
ath_noa,drill_flush,2026-03-27,3
ath_priya,drill_flush,2026-03-27,3
ath_priya,drill_self_talk,2026-03-27,3
ath_reese,drill_flush,2026-03-28,3
ath_reese,drill_flush,2026-03-28,3
ath_dani,drill_box_breath,2026-03-29,4
ath_dani,drill_target_lock,2026-03-29,4
ath_marisol,drill_reset,2026-03-29,3
ath_rowan,drill_visualize,2026-03-29,4
ath_harper,drill_self_talk,2026-03-30,3
ath_noa,drill_self_talk,2026-03-30,3
ath_priya,drill_win_log,2026-03-30,5
ath_rowan,drill_flush,2026-03-30,3
ath_zoe,drill_box_breath,2026-03-30,4
ath_dani,drill_self_talk,2026-03-31,3
ath_ella,drill_target_lock,2026-03-31,4
ath_harper,drill_self_talk,2026-03-31,3
ath_harper,drill_target_lock,2026-03-31,4
ath_marisol,drill_box_breath,2026-03-31,4
ath_reese,drill_self_talk,2026-03-31,3
ath_rowan,drill_flush,2026-03-31,3
ath_adaeze,drill_breath_reset,2026-04-01,2
ath_dani,drill_target_lock,2026-04-01,4
ath_adaeze,drill_breath_reset,2026-04-02,2
ath_adaeze,drill_win_log,2026-04-02,5
ath_dani,drill_flush,2026-04-02,3
ath_gabby,drill_pressure_ladder,2026-04-02,6
ath_noa,drill_self_talk,2026-04-02,3
ath_noa,drill_self_talk,2026-04-02,3
ath_adaeze,drill_target_lock,2026-04-03,4
ath_kenzie,drill_anchor,2026-04-03,5
ath_marisol,drill_fire_up,2026-04-03,3
ath_priya,drill_reset,2026-04-03,3
ath_reese,drill_win_log,2026-04-03,5
ath_adaeze,drill_box_breath,2026-04-04,4
ath_ella,drill_win_log,2026-04-04,5
ath_harper,drill_reset,2026-04-04,3
ath_marisol,drill_scout_self,2026-04-04,6
ath_kenzie,drill_reset,2026-04-05,3
ath_marisol,drill_win_log,2026-04-05,5
ath_mika,drill_pressure_ladder,2026-04-05,6
ath_mika,drill_pressure_ladder,2026-04-05,6
ath_noa,drill_win_log,2026-04-05,5
ath_priya,drill_self_talk,2026-04-05,3
ath_adaeze,drill_self_talk,2026-04-06,3
ath_adaeze,drill_win_log,2026-04-06,5
ath_ella,drill_anchor,2026-04-06,5
ath_harper,drill_anchor,2026-04-06,5
ath_harper,drill_flush,2026-04-06,3
ath_harper,drill_target_lock,2026-04-06,4
ath_kenzie,drill_pressure_ladder,2026-04-06,6
ath_noa,drill_reset,2026-04-06,3
ath_priya,drill_self_talk,2026-04-06,3
ath_reese,drill_flush,2026-04-06,3
ath_adaeze,drill_breath_reset,2026-04-07,2
ath_adaeze,drill_breath_reset,2026-04-07,2
ath_sophia,drill_visualize,2026-04-07,4
ath_lena,drill_reset,2026-04-08,3
ath_noa,drill_target_lock,2026-04-08,4
ath_adaeze,drill_breath_reset,2026-04-09,2
ath_dani,drill_reset,2026-04-09,3
ath_ella,drill_flush,2026-04-09,3
ath_harper,drill_flush,2026-04-09,3
ath_marisol,drill_flush,2026-04-09,3
ath_reese,drill_win_log,2026-04-09,5
ath_rowan,drill_visualize,2026-04-09,4
ath_kenzie,drill_breath_reset,2026-04-10,2
ath_marisol,drill_anchor,2026-04-10,5
ath_marisol,drill_reset,2026-04-10,3
ath_mika,drill_visualize,2026-04-10,4
ath_noa,drill_flush,2026-04-10,3
ath_priya,drill_flush,2026-04-10,3
ath_priya,drill_reset,2026-04-10,3
ath_priya,drill_self_talk,2026-04-10,3
ath_dani,drill_breath_reset,2026-04-11,2
ath_marisol,drill_self_talk,2026-04-11,3
ath_rowan,drill_reset,2026-04-11,3
ath_dani,drill_anchor,2026-04-12,5
ath_mika,drill_flush,2026-04-12,3
ath_noa,drill_self_talk,2026-04-12,3
ath_marisol,drill_flush,2026-04-13,3
ath_marisol,drill_win_log,2026-04-13,5
ath_marisol,drill_win_log,2026-04-13,5
ath_noa,drill_reset,2026-04-13,3
ath_dani,drill_box_breath,2026-04-14,4
ath_dani,drill_flush,2026-04-14,3
ath_harper,drill_anchor,2026-04-14,5
ath_marisol,drill_self_talk,2026-04-14,3
ath_noa,drill_self_talk,2026-04-14,3
ath_priya,drill_flush,2026-04-14,3
ath_rowan,drill_flush,2026-04-14,3
ath_adaeze,drill_win_log,2026-04-15,5
ath_ella,drill_visualize,2026-04-15,4
ath_gabby,drill_box_breath,2026-04-15,4
ath_harper,drill_reset,2026-04-15,3
ath_harper,drill_visualize,2026-04-15,4
ath_priya,drill_scout_self,2026-04-15,6
ath_reese,drill_win_log,2026-04-15,5
ath_adaeze,drill_breath_reset,2026-04-16,2
ath_adaeze,drill_self_talk,2026-04-16,3
ath_kenzie,drill_fire_up,2026-04-16,3
ath_mika,drill_visualize,2026-04-16,4
ath_dani,drill_win_log,2026-04-17,5
ath_ella,drill_win_log,2026-04-17,5
ath_priya,drill_self_talk,2026-04-17,3
ath_rowan,drill_target_lock,2026-04-17,4
ath_kenzie,drill_flush,2026-04-18,3
ath_priya,drill_fire_up,2026-04-18,3
ath_sophia,drill_anchor,2026-04-18,5
ath_adaeze,drill_target_lock,2026-04-19,4
ath_adaeze,drill_win_log,2026-04-19,5
ath_dani,drill_anchor,2026-04-19,5
ath_mika,drill_target_lock,2026-04-19,4
ath_noa,drill_target_lock,2026-04-19,4
ath_reese,drill_scout_self,2026-04-19,6
ath_tati,drill_flush,2026-04-19,3
ath_adaeze,drill_box_breath,2026-04-20,4
ath_adaeze,drill_pressure_ladder,2026-04-20,6
ath_mika,drill_visualize,2026-04-20,4
ath_noa,drill_box_breath,2026-04-20,4
ath_priya,drill_reset,2026-04-20,3
ath_priya,drill_target_lock,2026-04-20,4
ath_rowan,drill_anchor,2026-04-20,5
ath_rowan,drill_target_lock,2026-04-20,4
ath_ella,drill_visualize,2026-04-21,4
ath_harper,drill_visualize,2026-04-21,4
ath_kenzie,drill_pressure_ladder,2026-04-21,6
ath_marisol,drill_win_log,2026-04-21,5
ath_reese,drill_visualize,2026-04-21,4
ath_adaeze,drill_box_breath,2026-04-22,4
ath_adaeze,drill_pressure_ladder,2026-04-22,6
ath_harper,drill_flush,2026-04-22,3
ath_marisol,drill_flush,2026-04-22,3
ath_reese,drill_win_log,2026-04-22,5
ath_adaeze,drill_fire_up,2026-04-23,3
ath_ella,drill_visualize,2026-04-23,4
ath_marisol,drill_flush,2026-04-23,3
ath_noa,drill_anchor,2026-04-23,5
ath_priya,drill_win_log,2026-04-23,5
ath_dani,drill_reset,2026-04-24,3
ath_dani,drill_scout_self,2026-04-24,6
ath_dani,drill_target_lock,2026-04-24,4
ath_kenzie,drill_reset,2026-04-24,3
ath_marisol,drill_reset,2026-04-24,3
ath_noa,drill_reset,2026-04-24,3
ath_zoe,drill_breath_reset,2026-04-24,2
ath_gabby,drill_pressure_ladder,2026-04-25,6
ath_harper,drill_flush,2026-04-25,3
ath_noa,drill_visualize,2026-04-25,4
ath_sophia,drill_fire_up,2026-04-25,3
ath_mika,drill_visualize,2026-04-26,4
ath_dani,drill_reset,2026-04-27,3
ath_ella,drill_self_talk,2026-04-27,3
ath_marisol,drill_pressure_ladder,2026-04-27,6
ath_rowan,drill_reset,2026-04-27,3
ath_noa,drill_visualize,2026-04-28,4
ath_noa,drill_win_log,2026-04-28,5
ath_reese,drill_visualize,2026-04-28,4
ath_adaeze,drill_pressure_ladder,2026-04-29,6
ath_kenzie,drill_visualize,2026-04-29,4
ath_priya,drill_box_breath,2026-04-29,4
ath_priya,drill_flush,2026-04-29,3
ath_priya,drill_flush,2026-04-29,3
ath_rowan,drill_breath_reset,2026-04-29,2
ath_dani,drill_flush,2026-04-30,3
ath_dani,drill_flush,2026-04-30,3
ath_marisol,drill_anchor,2026-04-30,5
ath_mika,drill_anchor,2026-04-30,5
ath_mika,drill_flush,2026-04-30,3
ath_adaeze,drill_breath_reset,2026-05-01,2
ath_adaeze,drill_pressure_ladder,2026-05-01,6
ath_harper,drill_fire_up,2026-05-01,3
ath_noa,drill_breath_reset,2026-05-01,2
ath_noa,drill_reset,2026-05-01,3
ath_adaeze,drill_breath_reset,2026-05-02,2
ath_ella,drill_self_talk,2026-05-02,3
ath_harper,drill_reset,2026-05-02,3
ath_reese,drill_self_talk,2026-05-02,3
ath_adaeze,drill_breath_reset,2026-05-03,2
ath_harper,drill_scout_self,2026-05-03,6
ath_kenzie,drill_breath_reset,2026-05-03,2
ath_marisol,drill_reset,2026-05-03,3
ath_adaeze,drill_box_breath,2026-05-04,4
ath_adaeze,drill_target_lock,2026-05-04,4
ath_dani,drill_flush,2026-05-04,3
ath_harper,drill_target_lock,2026-05-04,4
ath_dani,drill_reset,2026-05-05,3
ath_priya,drill_reset,2026-05-05,3
ath_priya,drill_scout_self,2026-05-05,6
ath_reese,drill_breath_reset,2026-05-05,2
ath_kenzie,drill_pressure_ladder,2026-05-06,6
ath_dani,drill_flush,2026-05-07,3
ath_dani,drill_pressure_ladder,2026-05-07,6
ath_harper,drill_reset,2026-05-07,3
ath_kenzie,drill_pressure_ladder,2026-05-07,6
ath_marisol,drill_win_log,2026-05-07,5
ath_mika,drill_reset,2026-05-07,3
ath_noa,drill_win_log,2026-05-07,5
ath_rowan,drill_reset,2026-05-07,3
ath_marisol,drill_self_talk,2026-05-08,3
ath_mika,drill_reset,2026-05-08,3
ath_noa,drill_reset,2026-05-08,3
ath_noa,drill_self_talk,2026-05-08,3
ath_priya,drill_self_talk,2026-05-08,3
ath_rowan,drill_scout_self,2026-05-08,6
ath_ella,drill_breath_reset,2026-05-09,2
ath_ella,drill_target_lock,2026-05-09,4
ath_harper,drill_target_lock,2026-05-09,4
ath_harper,drill_visualize,2026-05-09,4
ath_priya,drill_win_log,2026-05-09,5
ath_reese,drill_self_talk,2026-05-09,3
ath_tati,drill_scout_self,2026-05-09,6
ath_adaeze,drill_box_breath,2026-05-10,4
ath_adaeze,drill_breath_reset,2026-05-10,2
ath_adaeze,drill_scout_self,2026-05-10,6
ath_marisol,drill_flush,2026-05-10,3
ath_noa,drill_self_talk,2026-05-10,3
ath_adaeze,drill_breath_reset,2026-05-11,2
ath_harper,drill_fire_up,2026-05-11,3
ath_kenzie,drill_pressure_ladder,2026-05-11,6
ath_marisol,drill_flush,2026-05-11,3
ath_mika,drill_target_lock,2026-05-11,4
ath_noa,drill_win_log,2026-05-11,5
ath_sophia,drill_fire_up,2026-05-11,3
ath_adaeze,drill_pressure_ladder,2026-05-12,6
ath_adaeze,drill_win_log,2026-05-12,5
ath_priya,drill_self_talk,2026-05-12,3
ath_dani,drill_anchor,2026-05-13,5
ath_marisol,drill_win_log,2026-05-13,5
ath_tati,drill_fire_up,2026-05-13,3
ath_kenzie,drill_reset,2026-05-14,3
ath_mika,drill_scout_self,2026-05-14,6
ath_adaeze,drill_pressure_ladder,2026-05-15,6
ath_adaeze,drill_target_lock,2026-05-15,4
ath_ella,drill_anchor,2026-05-15,5
ath_harper,drill_visualize,2026-05-15,4
ath_noa,drill_reset,2026-05-15,3
ath_rowan,drill_win_log,2026-05-15,5
ath_dani,drill_win_log,2026-05-16,5
ath_ella,drill_pressure_ladder,2026-05-16,6
ath_harper,drill_visualize,2026-05-16,4
ath_reese,drill_self_talk,2026-05-16,3
ath_dani,drill_reset,2026-05-17,3
ath_marisol,drill_flush,2026-05-17,3
ath_noa,drill_reset,2026-05-17,3
ath_priya,drill_reset,2026-05-17,3
ath_priya,drill_reset,2026-05-17,3
ath_reese,drill_reset,2026-05-17,3
ath_rowan,drill_target_lock,2026-05-17,4
ath_adaeze,drill_breath_reset,2026-05-18,2
ath_kenzie,drill_flush,2026-05-18,3
ath_marisol,drill_flush,2026-05-18,3
ath_noa,drill_reset,2026-05-18,3
ath_reese,drill_flush,2026-05-18,3
ath_adaeze,drill_box_breath,2026-05-19,4
ath_dani,drill_win_log,2026-05-19,5
ath_ella,drill_flush,2026-05-19,3
ath_kenzie,drill_box_breath,2026-05-19,4
ath_marisol,drill_self_talk,2026-05-19,3
ath_mika,drill_box_breath,2026-05-19,4
ath_noa,drill_reset,2026-05-19,3
ath_dani,drill_target_lock,2026-05-20,4
ath_dani,drill_visualize,2026-05-20,4
ath_ella,drill_win_log,2026-05-20,5
ath_harper,drill_pressure_ladder,2026-05-20,6
ath_harper,drill_target_lock,2026-05-20,4
ath_rowan,drill_fire_up,2026-05-20,3
ath_sophia,drill_fire_up,2026-05-20,3
ath_harper,drill_target_lock,2026-05-21,4
ath_mika,drill_reset,2026-05-21,3
ath_priya,drill_flush,2026-05-21,3
ath_rowan,drill_target_lock,2026-05-21,4
ath_adaeze,drill_breath_reset,2026-05-22,2
ath_priya,drill_fire_up,2026-05-22,3
ath_priya,drill_self_talk,2026-05-22,3
ath_adaeze,drill_breath_reset,2026-05-23,2
ath_marisol,drill_self_talk,2026-05-23,3
ath_noa,drill_fire_up,2026-05-23,3
ath_adaeze,drill_breath_reset,2026-05-24,2
ath_harper,drill_reset,2026-05-24,3
ath_noa,drill_reset,2026-05-24,3
ath_priya,drill_reset,2026-05-24,3
ath_reese,drill_flush,2026-05-24,3
ath_ella,drill_target_lock,2026-05-25,4
ath_kenzie,drill_reset,2026-05-25,3
ath_mika,drill_flush,2026-05-25,3
ath_noa,drill_reset,2026-05-25,3
ath_priya,drill_pressure_ladder,2026-05-25,6
ath_sophia,drill_box_breath,2026-05-26,4
ath_zoe,drill_anchor,2026-05-26,5
ath_ella,drill_visualize,2026-05-27,4
ath_harper,drill_flush,2026-05-27,3
ath_harper,drill_visualize,2026-05-27,4
ath_marisol,drill_flush,2026-05-27,3
ath_noa,drill_self_talk,2026-05-27,3
ath_priya,drill_flush,2026-05-27,3
ath_rowan,drill_flush,2026-05-27,3
ath_adaeze,drill_box_breath,2026-05-28,4
ath_dani,drill_anchor,2026-05-28,5
ath_dani,drill_visualize,2026-05-28,4
ath_harper,drill_flush,2026-05-28,3
ath_marisol,drill_visualize,2026-05-28,4
ath_rowan,drill_visualize,2026-05-28,4
ath_dani,drill_target_lock,2026-05-29,4
ath_kenzie,drill_fire_up,2026-05-29,3
ath_noa,drill_flush,2026-05-29,3
ath_reese,drill_flush,2026-05-29,3
ath_reese,drill_reset,2026-05-29,3
ath_adaeze,drill_breath_reset,2026-05-30,2
ath_adaeze,drill_breath_reset,2026-05-30,2
ath_harper,drill_anchor,2026-05-30,5
ath_marisol,drill_flush,2026-05-30,3
ath_marisol,drill_reset,2026-05-30,3
ath_mika,drill_anchor,2026-05-30,5
ath_priya,drill_flush,2026-05-30,3
ath_adaeze,drill_self_talk,2026-05-31,3
ath_adaeze,drill_win_log,2026-05-31,5
ath_noa,drill_target_lock,2026-05-31,4
ath_tati,drill_flush,2026-05-31,3
ath_adaeze,drill_scout_self,2026-06-01,6
ath_adaeze,drill_win_log,2026-06-01,5
ath_harper,drill_self_talk,2026-06-01,3
ath_marisol,drill_scout_self,2026-06-01,6
ath_sophia,drill_scout_self,2026-06-01,6
ath_ella,drill_anchor,2026-06-02,5
ath_harper,drill_flush,2026-06-02,3
ath_marisol,drill_self_talk,2026-06-02,3
ath_noa,drill_win_log,2026-06-02,5
ath_noa,drill_win_log,2026-06-02,5
ath_reese,drill_self_talk,2026-06-02,3
ath_adaeze,drill_box_breath,2026-06-03,4
ath_adaeze,drill_breath_reset,2026-06-03,2
ath_gabby,drill_target_lock,2026-06-03,4
ath_harper,drill_reset,2026-06-03,3
ath_lena,drill_reset,2026-06-03,3
ath_mika,drill_anchor,2026-06-03,5
ath_mika,drill_visualize,2026-06-03,4
ath_priya,drill_self_talk,2026-06-03,3
ath_rowan,drill_anchor,2026-06-03,5
ath_dani,drill_target_lock,2026-06-04,4
ath_dani,drill_target_lock,2026-06-04,4
ath_harper,drill_reset,2026-06-04,3
ath_kenzie,drill_box_breath,2026-06-04,4
ath_adaeze,drill_self_talk,2026-06-05,3
ath_noa,drill_reset,2026-06-05,3
ath_priya,drill_flush,2026-06-05,3
ath_priya,drill_self_talk,2026-06-05,3
ath_zoe,drill_anchor,2026-06-05,5
ath_marisol,drill_self_talk,2026-06-06,3
ath_dani,drill_anchor,2026-06-07,5
ath_ella,drill_self_talk,2026-06-07,3
ath_kenzie,drill_box_breath,2026-06-07,4
ath_reese,drill_anchor,2026-06-07,5
ath_rowan,drill_visualize,2026-06-07,4
ath_ella,drill_target_lock,2026-06-08,4
ath_harper,drill_reset,2026-06-08,3
ath_marisol,drill_reset,2026-06-08,3
ath_mika,drill_visualize,2026-06-08,4
ath_noa,drill_reset,2026-06-08,3
ath_priya,drill_reset,2026-06-08,3
ath_reese,drill_visualize,2026-06-08,4
ath_rowan,drill_target_lock,2026-06-08,4
ath_rowan,drill_target_lock,2026-06-08,4
ath_tati,drill_flush,2026-06-08,3
ath_dani,drill_anchor,2026-06-09,5
ath_kenzie,drill_anchor,2026-06-09,5
ath_noa,drill_self_talk,2026-06-09,3
ath_adaeze,drill_scout_self,2026-06-10,6
ath_ella,drill_win_log,2026-06-10,5
ath_mika,drill_flush,2026-06-10,3
ath_adaeze,drill_flush,2026-06-11,3
ath_dani,drill_reset,2026-06-12,3
ath_dani,drill_visualize,2026-06-12,4
ath_kenzie,drill_anchor,2026-06-12,5
ath_zoe,drill_self_talk,2026-06-12,3
ath_adaeze,drill_pressure_ladder,2026-06-13,6
ath_dani,drill_box_breath,2026-06-13,4
ath_harper,drill_reset,2026-06-13,3
ath_harper,drill_visualize,2026-06-13,4
ath_marisol,drill_visualize,2026-06-13,4
ath_noa,drill_self_talk,2026-06-13,3
ath_priya,drill_scout_self,2026-06-13,6
ath_adaeze,drill_box_breath,2026-06-14,4
ath_adaeze,drill_pressure_ladder,2026-06-14,6
ath_marisol,drill_reset,2026-06-14,3
ath_priya,drill_reset,2026-06-14,3
ath_priya,drill_reset,2026-06-14,3
ath_reese,drill_box_breath,2026-06-14,4
ath_adaeze,drill_breath_reset,2026-06-15,2
ath_adaeze,drill_pressure_ladder,2026-06-15,6
ath_adaeze,drill_scout_self,2026-06-15,6
ath_dani,drill_visualize,2026-06-15,4
ath_ella,drill_visualize,2026-06-15,4
ath_harper,drill_win_log,2026-06-15,5
ath_marisol,drill_pressure_ladder,2026-06-15,6
ath_priya,drill_win_log,2026-06-15,5
ath_rowan,drill_target_lock,2026-06-15,4
ath_kenzie,drill_pressure_ladder,2026-06-16,6
ath_kenzie,drill_reset,2026-06-16,3
ath_rowan,drill_flush,2026-06-16,3
ath_sophia,drill_win_log,2026-06-16,5
ath_dani,drill_target_lock,2026-06-17,4
ath_ella,drill_win_log,2026-06-17,5
ath_harper,drill_flush,2026-06-17,3
ath_harper,drill_pressure_ladder,2026-06-17,6
ath_marisol,drill_reset,2026-06-17,3
ath_adaeze,drill_pressure_ladder,2026-06-18,6
ath_harper,drill_reset,2026-06-18,3
ath_mika,drill_reset,2026-06-18,3
ath_noa,drill_reset,2026-06-18,3
ath_noa,drill_reset,2026-06-18,3
ath_adaeze,drill_box_breath,2026-06-19,4
ath_marisol,drill_flush,2026-06-19,3
ath_mika,drill_visualize,2026-06-19,4
ath_reese,drill_self_talk,2026-06-19,3
ath_dani,drill_breath_reset,2026-06-20,2
ath_priya,drill_breath_reset,2026-06-20,2
ath_priya,drill_fire_up,2026-06-20,3
ath_reese,drill_reset,2026-06-20,3
ath_dani,drill_reset,2026-06-21,3
ath_noa,drill_scout_self,2026-06-21,6
ath_adaeze,drill_scout_self,2026-06-22,6
ath_dani,drill_fire_up,2026-06-22,3
ath_kenzie,drill_self_talk,2026-06-22,3
ath_marisol,drill_anchor,2026-06-22,5
ath_priya,drill_fire_up,2026-06-22,3
ath_priya,drill_flush,2026-06-22,3
ath_tati,drill_flush,2026-06-22,3
ath_adaeze,drill_box_breath,2026-06-23,4
ath_adaeze,drill_box_breath,2026-06-23,4
ath_noa,drill_box_breath,2026-06-23,4
ath_priya,drill_visualize,2026-06-23,4
ath_rowan,drill_anchor,2026-06-23,5
ath_rowan,drill_flush,2026-06-23,3
ath_adaeze,drill_breath_reset,2026-06-24,2
ath_dani,drill_box_breath,2026-06-24,4
ath_ella,drill_visualize,2026-06-24,4
ath_harper,drill_visualize,2026-06-24,4
ath_kenzie,drill_reset,2026-06-24,3
ath_marisol,drill_win_log,2026-06-24,5
ath_noa,drill_flush,2026-06-24,3
ath_reese,drill_win_log,2026-06-24,5
ath_adaeze,drill_self_talk,2026-06-25,3
ath_mika,drill_visualize,2026-06-25,4
ath_dani,drill_target_lock,2026-06-26,4
ath_ella,drill_self_talk,2026-06-26,3
ath_harper,drill_flush,2026-06-26,3
ath_mika,drill_visualize,2026-06-26,4
ath_priya,drill_box_breath,2026-06-26,4
ath_dani,drill_scout_self,2026-06-27,6
ath_reese,drill_flush,2026-06-27,3
ath_harper,drill_anchor,2026-06-28,5
ath_harper,drill_target_lock,2026-06-28,4
ath_marisol,drill_win_log,2026-06-28,5
ath_noa,drill_reset,2026-06-28,3
ath_sophia,drill_visualize,2026-06-28,4
